Extraction Date,Project,Package,Class,Method,CYCLO_method,NOLV_method,CLNAMM_method,CINT_method,CDISP_method,NOII_type,NOAM_type,NOCS_type,number_constructor_NotDefaultConstructor,LOC_method,MAXNESTING_method,CC_method,NMCS_method,LAA_method,CM_method,NOAV_method,ATFD_method,FANOUT_method,ATLD_method,MaMCL_method,MeMCL_method,NOP_method,FDP_method,CFNAMM_method,Number_Final_Not_Static_Methods,TCC_type,WOC_type,LOC_type,LOCNAMM_type,CFNAMM_type,NOMNAMM_type,NOA_type,NIM_type,DIT_type,NOPA_type,CBO_type,RFC_type,isStatic_type,number_private_visibility_attributes,number_protected_visibility_attributes,number_package_visibility_attributes,num_final_attributes,num_static_attributes,num_final_static_attributes,num_not_final_not_static_attributes,NOC_type,WMC_type,LCOM5_type,WMCNAMM_type,AMW_type,NOM_type,NMO_type,num_final_not_static_attributes,num_static_not_final_attributes,number_public_visibility_methods,number_private_visibility_methods,number_protected_visibility_methods,number_package_visibility_methods,number_standard_design_methods,number_constructor_DefaultConstructor_methods,number_final_methods,number_abstract_methods,number_static_methods,number_final_static_methods,number_not_final_static_methods,number_not_final_not_static_methods,number_not_abstract_not_final_methods,NOI_project,NOM_project,NOMNAMM_project,NOCS_package,isStatic_method,ATFD_type,FANOUT_type,AMWNAMM_type,NOMNAMM_Package,NOI_Package,LOC_package,NOPK_project,NOCS_project,NOM_package,LOC_project
2025-07-11,argo,ca.cgagnier.wlednativeandroid,ExampleInstrumentedTest,useAppContext,1,1,0.0,2,1.0,0,0,1,0,4,0,1,0,0.0,0,0,1,5,0.0,0,2.6666666666666665,0,1,0.0,0,0.0,1.0,6,4,0.0,1,0,0,0,0,0,1,0,0,0,0,0,0,0,0,0,1,0.0,1,1.0,1,0,0,0,1,0,0,1,0,1,0,0,0,0,0,1,1,5,180,146,6,0,1,5,1.0,6,0,225,25,43,3,6728
2025-07-11,argo,ca.cgagnier.wlednativeandroid.repository,DeviceDaoTest,createDb,1,1,0.0,3,1.0,0,1,1,0,5,0,1,0,1.0,0,2,1,6,2.0,1,2.5,0,0,0.0,0,0.7333333333333333,0.8333333333333334,53,33,0.0,5,2,0,0,0,0,1,0,2,0,0,0,0,0,2,0,6,0.6,6,1.0,6,0,2,0,6,0,0,6,1,1,0,0,0,0,0,6,6,5,180,146,10,0,1,39,1.0,47,3,499,25,43,28,6728
2025-07-11,argo,ca.cgagnier.wlednativeandroid.repository,DeviceDaoTest,closeDb,1,0,0.0,1,1.0,0,1,1,0,3,0,1,0,1.0,0,1,0,1,1.0,1,2.0,0,0,0.0,0,0.7333333333333333,0.8333333333333334,53,33,0.0,5,2,0,0,0,0,1,0,2,0,0,0,0,0,2,0,6,0.6,6,1.0,6,0,2,0,6,0,0,6,1,1,0,0,0,0,0,6,6,5,180,146,10,0,1,39,1.0,47,3,499,25,43,28,6728
2025-07-11,argo,ca.cgagnier.wlednativeandroid.repository,DeviceDaoTest,insertAndGetDevice,1,2,0.0,3,1.0,0,1,1,0,6,0,1,0,1.0,0,1,0,6,0.5,2,2.25,0,0,0.0,0,0.7333333333333333,0.8333333333333334,53,33,0.0,5,2,0,0,0,0,1,0,2,0,0,0,0,0,2,0,6,0.6,6,1.0,6,0,2,0,6,0,0,6,1,1,0,0,0,0,0,6,6,5,180,146,10,0,1,39,1.0,47,3,499,25,43,28,6728
2025-07-11,argo,ca.cgagnier.wlednativeandroid.repository,DeviceDaoTest,insertAndGetDeviceByAddress,1,4,0.0,4,1.0,0,1,1,0,10,0,1,0,1.0,0,1,0,10,0.25,1,2.25,0,0,0.0,0,0.7333333333333333,0.8333333333333334,53,33,0.0,5,2,0,0,0,0,1,0,2,0,0,0,0,0,2,0,6,0.6,6,1.0,6,0,2,0,6,0,0,6,1,1,0,0,0,0,0,6,6,5,180,146,10,0,1,39,1.0,47,3,499,25,43,28,6728
2025-07-11,argo,ca.cgagnier.wlednativeandroid.repository,DeviceDaoTest,getAllDevices,1,3,0.0,4,1.0,0,1,1,0,9,0,1,0,1.0,0,1,0,9,0.33,2,2.142857142857143,0,0,0.0,0,0.7333333333333333,0.8333333333333334,53,33,0.0,5,2,0,0,0,0,1,0,2,0,0,0,0,0,2,0,6,0.6,6,1.0,6,0,2,0,6,0,0,6,1,1,0,0,0,0,0,6,6,5,180,146,10,0,1,39,1.0,47,3,499,25,43,28,6728
2025-07-11,argo,ca.cgagnier.wlednativeandroid.repository,DeviceDaoTest,deleteAll,1,3,0.0,3,1.0,0,1,1,0,9,0,1,0,1.0,1,1,0,7,0.33,2,2.2,0,0,0.0,0,0.7333333333333333,0.8333333333333334,53,33,0.0,5,2,0,0,0,0,1,0,2,0,0,0,0,0,2,0,6,0.6,6,1.0,6,0,2,0,6,0,0,6,1,1,0,0,0,0,0,6,6,5,180,146,10,0,1,39,1.0,47,3,499,25,43,28,6728
2025-07-11,argo,ca.cgagnier.wlednativeandroid,FileUploadContract,createIntent,1,1,0.0,1,1.0,2,0,1,0,5,0,1,0,1.0,0,1,0,1,0.33,0,2.0,2,0,0.0,0,0.0,0.5,13,8,0.0,2,1,2,1,1,5,0,0,0,0,1,0,0,0,1,0,2,1.0,2,1.0,2,2,1,0,2,0,0,2,2,1,0,0,0,0,0,2,2,5,180,146,6,0,0,2,1.0,6,0,225,25,43,3,6728
2025-07-11,argo,ca.cgagnier.wlednativeandroid,FileUploadContract,parseResult,1,0,0.0,0,0.0,2,0,1,0,3,0,1,0,0.0,0,0,0,1,0.0,0,0.0,2,0,0.0,0,0.0,0.5,13,8,0.0,2,1,2,1,1,5,0,0,0,0,1,0,0,0,1,0,2,1.0,2,1.0,2,2,1,0,2,0,0,2,2,1,0,0,0,0,0,2,2,5,180,146,6,0,0,2,1.0,6,0,225,25,43,3,6728
2025-07-11,argo,ca.cgagnier.wlednativeandroid.domain.use_case,ValidateAddress,execute,3,0,0.0,3,0.6667,0,0,1,0,9,1,3,0,0.0,0,0,0,6,0.0,1,2.5,1,0,0.0,0,0.0,1.0,11,9,0.0,1,0,0,0,0,2,0,0,0,0,0,0,0,0,0,0,3,0.0,3,3.0,1,0,0,0,1,0,0,1,0,1,0,0,0,0,0,1,1,5,180,146,3,0,0,6,3.0,2,0,50,25,43,1,6728
2025-07-11,argo,ca.cgagnier.wlednativeandroid.model,Device,getDeviceUrl,1,0,0.0,0,0.0,0,4,1,0,3,0,1,0,0.0,0,0,0,0,0.0,0,0.0,0,0,0.0,0,0.0,1.0,61,3,0.0,5,1,0,1,0,3,0,1,0,0,0,2,2,2,1,0,10,1.0,10,2.0,5,0,1,0,5,0,0,5,0,1,0,0,2,0,2,5,7,5,180,146,5,0,0,1,2.4,1,0,209,25,43,5,6728
2025-07-11,argo,ca.cgagnier.wlednativeandroid.model,Device,getNetworkStrengthImage,6,0,0.0,0,0.0,0,4,1,0,18,1,6,0,0.0,0,0,0,1,0.0,0,3.0,0,0,0.0,0,0.0,1.0,61,3,0.0,5,1,0,1,0,3,0,1,0,0,0,2,2,2,1,0,10,1.0,10,2.0,5,0,1,0,5,0,0,5,0,1,0,0,2,0,2,5,7,5,180,146,5,0,0,1,2.4,1,0,209,25,43,5,6728
2025-07-11,argo,ca.cgagnier.wlednativeandroid.model,Device,getBatteryPercentageImage,3,0,0.0,0,0.0,0,4,1,0,12,1,3,0,0.0,0,0,0,0,0.0,0,3.0,0,0,0.0,0,0.0,1.0,61,3,0.0,5,1,0,1,0,3,0,1,0,0,0,2,2,2,1,0,10,1.0,10,2.0,5,0,1,0,5,0,0,5,0,1,0,0,2,0,2,5,7,5,180,146,5,0,0,1,2.4,1,0,209,25,43,5,6728
2025-07-11,argo,ca.cgagnier.wlednativeandroid.model,Device,hasUpdateAvailable,1,0,0.0,0,0.0,0,4,1,0,3,0,1,0,0.0,0,0,0,0,0.0,0,0.0,0,0,0.0,0,0.0,1.0,61,3,0.0,5,1,0,1,0,3,0,1,0,0,0,2,2,2,1,0,10,1.0,10,2.0,5,0,1,0,5,0,0,5,0,1,0,0,2,0,2,5,7,5,180,146,5,0,0,1,2.4,1,0,209,25,43,5,6728
2025-07-11,argo,ca.cgagnier.wlednativeandroid.model,Device,getPreviewDevice,1,2,0.0,0,0.0,0,4,1,0,3,0,1,0,0.0,0,0,0,0,0.0,0,0.0,0,0,0.0,0,0.0,1.0,61,3,0.0,5,1,0,1,0,3,0,1,0,0,0,2,2,2,1,0,10,1.0,10,2.0,5,0,1,0,5,0,0,5,0,1,0,0,2,0,2,5,7,5,180,146,5,1,0,1,2.4,1,0,209,25,43,5,6728
2025-07-11,argo,ca.cgagnier.wlednativeandroid.repository,Converters,toBranch,1,0,0.0,1,1.0,0,0,1,0,1,0,1,0,0.0,0,0,0,1,0.0,1,2.0,1,0,0.0,0,0.0,0.0,5,2,0.0,2,0,0,0,0,2,0,0,0,0,0,0,0,0,0,0,2,1.0,2,1.0,2,0,0,0,2,0,0,2,1,1,0,0,0,0,0,2,2,5,180,146,10,0,0,1,1.0,47,3,499,25,43,28,6728
2025-07-11,argo,ca.cgagnier.wlednativeandroid.repository,Converters,fromBranch,1,0,0.0,0,0.0,0,0,1,0,1,0,1,0,0.0,0,0,0,0,0.0,0,2.0,1,0,0.0,0,0.0,0.0,5,2,0.0,2,0,0,0,0,2,0,0,0,0,0,0,0,0,0,0,2,1.0,2,1.0,2,0,0,0,2,0,0,2,1,1,0,0,0,0,0,2,2,5,180,146,10,0,0,1,1.0,47,3,499,25,43,28,6728
2025-07-11,argo,ca.cgagnier.wlednativeandroid.repository,DeviceRepository,getAllDevices,1,0,0.0,0,0.0,0,1,1,1,3,0,1,0,0.0,1,0,0,1,0.0,1,2.0,0,0,0.0,0,0.0,0.0,37,21,0.0,8,2,0,0,2,6,1,0,0,0,2,2,0,0,0,0,8,1.0,8,1.0,8,0,2,0,8,0,0,8,0,1,0,0,0,0,0,8,8,5,180,146,10,0,3,9,1.0,47,3,499,25,43,28,6728
2025-07-11,argo,ca.cgagnier.wlednativeandroid.repository,DeviceRepository,findLiveDeviceByAddress,1,0,0.0,0,0.0,0,1,1,1,3,0,1,0,0.0,1,0,0,1,0.0,1,2.0,1,0,0.0,0,0.0,0.0,37,21,0.0,8,2,0,0,2,6,1,0,0,0,2,2,0,0,0,0,8,1.0,8,1.0,8,0,2,0,8,0,0,8,0,1,0,0,0,0,0,8,8,5,180,146,10,0,3,9,1.0,47,3,499,25,43,28,6728
2025-07-11,argo,ca.cgagnier.wlednativeandroid.repository,DeviceRepository,findDeviceByMacAddress,1,0,0.0,0,0.0,0,1,1,1,3,0,1,0,0.0,1,0,0,1,0.0,1,2.0,1,0,0.0,0,0.0,0.0,37,21,0.0,8,2,0,0,2,6,1,0,0,0,2,2,0,0,0,0,8,1.0,8,1.0,8,0,2,0,8,0,0,8,0,1,0,0,0,0,0,8,8,5,180,146,10,0,3,9,1.0,47,3,499,25,43,28,6728
2025-07-11,argo,ca.cgagnier.wlednativeandroid.repository,DeviceRepository,insert,1,0,0.0,0,0.0,0,1,1,1,3,0,1,0,0.0,1,0,1,1,0.0,1,2.0,1,1,0.0,0,0.0,0.0,37,21,0.0,8,2,0,0,2,6,1,0,0,0,2,2,0,0,0,0,8,1.0,8,1.0,8,0,2,0,8,0,0,8,0,1,0,0,0,0,0,8,8,5,180,146,10,0,3,9,1.0,47,3,499,25,43,28,6728
2025-07-11,argo,ca.cgagnier.wlednativeandroid.repository,DeviceRepository,update,1,0,0.0,0,0.0,0,1,1,1,3,0,1,0,0.0,1,0,1,1,0.0,1,2.0,1,1,0.0,0,0.0,0.0,37,21,0.0,8,2,0,0,2,6,1,0,0,0,2,2,0,0,0,0,8,1.0,8,1.0,8,0,2,0,8,0,0,8,0,1,0,0,0,0,0,8,8,5,180,146,10,0,3,9,1.0,47,3,499,25,43,28,6728
2025-07-11,argo,ca.cgagnier.wlednativeandroid.repository,DeviceRepository,delete,1,0,0.0,0,0.0,0,1,1,1,3,0,1,0,0.0,1,0,1,1,0.0,1,2.0,1,1,0.0,0,0.0,0.0,37,21,0.0,8,2,0,0,2,6,1,0,0,0,2,2,0,0,0,0,8,1.0,8,1.0,8,0,2,0,8,0,0,8,0,1,0,0,0,0,0,8,8,5,180,146,10,0,3,9,1.0,47,3,499,25,43,28,6728
2025-07-11,argo,ca.cgagnier.wlednativeandroid.repository,DeviceRepository,contains,1,0,0.0,1,1.0,0,1,1,1,3,0,1,0,0.0,0,0,0,2,0.0,0,3.0,1,0,0.0,0,0.0,0.0,37,21,0.0,8,2,0,0,2,6,1,0,0,0,2,2,0,0,0,0,8,1.0,8,1.0,8,0,2,0,8,0,0,8,0,1,0,0,0,0,0,8,8,5,180,146,10,0,3,9,1.0,47,3,499,25,43,28,6728
2025-07-11,argo,ca.cgagnier.wlednativeandroid.repository,DeviceRepository,hasHiddenDevices,1,0,0.0,1,1.0,0,1,1,1,3,0,1,0,0.0,0,0,0,1,0.0,1,2.0,0,0,0.0,0,0.0,0.0,37,21,0.0,8,2,0,0,2,6,1,0,0,0,2,2,0,0,0,0,8,1.0,8,1.0,8,0,2,0,8,0,0,8,0,1,0,0,0,0,0,8,8,5,180,146,10,0,3,9,1.0,47,3,499,25,43,28,6728
2025-07-11,argo,ca.cgagnier.wlednativeandroid.repository,UserPreferencesRepository,updateThemeMode,1,0,0.0,2,1.0,0,0,1,0,4,0,1,0,0.0,0,0,2,7,0.0,1,3.3333333333333335,1,2,0.0,0,0.0,0.0,40,20,0.0,5,5,0,0,5,3,2,0,1,0,5,6,1,1,0,0,5,0.0,5,1.0,5,0,5,0,5,0,0,5,1,1,0,0,0,0,0,5,5,5,180,146,10,0,10,35,1.0,47,3,499,25,43,28,6728
2025-07-11,argo,ca.cgagnier.wlednativeandroid.repository,UserPreferencesRepository,updateAutoDiscovery,1,0,0.0,2,1.0,0,0,1,0,4,0,1,0,0.0,0,0,2,7,0.0,1,3.3333333333333335,1,2,0.0,0,0.0,0.0,40,20,0.0,5,5,0,0,5,3,2,0,1,0,5,6,1,1,0,0,5,0.0,5,1.0,5,0,5,0,5,0,0,5,1,1,0,0,0,0,0,5,5,5,180,146,10,0,10,35,1.0,47,3,499,25,43,28,6728
2025-07-11,argo,ca.cgagnier.wlednativeandroid.repository,UserPreferencesRepository,updateShowOfflineDeviceLast,1,0,0.0,2,1.0,0,0,1,0,4,0,1,0,0.0,0,0,2,7,0.0,1,3.3333333333333335,1,2,0.0,0,0.0,0.0,40,20,0.0,5,5,0,0,5,3,2,0,1,0,5,6,1,1,0,0,5,0.0,5,1.0,5,0,5,0,5,0,0,5,1,1,0,0,0,0,0,5,5,5,180,146,10,0,10,35,1.0,47,3,499,25,43,28,6728
2025-07-11,argo,ca.cgagnier.wlednativeandroid.repository,UserPreferencesRepository,updateShowHiddenDevices,1,0,0.0,2,1.0,0,0,1,0,4,0,1,0,1.0,0,0,2,7,1.0,1,3.3333333333333335,1,2,0.0,0,0.0,0.0,40,20,0.0,5,5,0,0,5,3,2,0,1,0,5,6,1,1,0,0,5,0.0,5,1.0,5,0,5,0,5,0,0,5,1,1,0,0,0,0,0,5,5,5,180,146,10,0,10,35,1.0,47,3,499,25,43,28,6728
2025-07-11,argo,ca.cgagnier.wlednativeandroid.repository,UserPreferencesRepository,updateLastUpdateCheckDate,1,0,0.0,2,1.0,0,0,1,0,4,0,1,0,1.0,0,0,2,7,1.0,1,3.3333333333333335,1,2,0.0,0,0.0,0.0,40,20,0.0,5,5,0,0,5,3,2,0,1,0,5,6,1,1,0,0,5,0.0,5,1.0,5,0,5,0,5,0,0,5,1,1,0,0,0,0,0,5,5,5,180,146,10,0,10,35,1.0,47,3,499,25,43,28,6728
2025-07-11,argo,ca.cgagnier.wlednativeandroid.repository,UserPreferencesSerializer,readFrom,3,0,0.0,2,1.0,1,0,1,0,7,1,3,0,0.0,0,0,0,3,0.0,1,2.0,1,0,0.0,0,0.0,0.0,13,8,0.0,2,1,2,1,0,3,0,0,0,0,0,1,0,0,0,0,2,1.0,2,1.0,2,2,1,0,2,0,0,2,1,1,0,0,0,0,0,2,2,5,180,146,10,0,0,4,2.0,47,3,499,25,43,28,6728
2025-07-11,argo,ca.cgagnier.wlednativeandroid.repository,UserPreferencesSerializer,writeTo,1,0,0.0,0,0.0,1,0,1,0,1,0,1,0,0.0,1,0,0,1,0.0,1,2.0,2,0,0.0,0,0.0,0.0,13,8,0.0,2,1,2,1,0,3,0,0,0,0,0,1,0,0,0,0,2,1.0,2,1.0,2,2,1,0,2,0,0,2,1,1,0,0,0,0,0,2,2,5,180,146,10,0,0,4,2.0,47,3,499,25,43,28,6728
2025-07-11,argo,ca.cgagnier.wlednativeandroid.repository,VersionWithAssetsRepository,insertMany,1,0,0.0,0,0.0,0,3,1,1,4,0,1,0,0.0,1,0,2,2,0.0,1,2.0,2,2,0.0,0,0.0,0.0,22,7,0.0,5,0,0,0,0,4,2,0,0,0,0,0,0,0,0,0,5,1.0,5,1.0,5,0,0,0,5,0,0,5,0,1,0,0,0,0,0,5,5,5,180,146,10,0,3,6,1.0,47,3,499,25,43,28,6728
2025-07-11,argo,ca.cgagnier.wlednativeandroid.repository,VersionWithAssetsRepository,getLatestStableVersionWithAssets,1,0,0.0,0,0.0,0,3,1,1,3,0,1,0,0.0,1,0,0,1,0.0,1,2.0,0,0,0.0,0,0.0,0.0,22,7,0.0,5,0,0,0,0,4,2,0,0,0,0,0,0,0,0,0,5,1.0,5,1.0,5,0,0,0,5,0,0,5,0,1,0,0,0,0,0,5,5,5,180,146,10,0,3,6,1.0,47,3,499,25,43,28,6728
2025-07-11,argo,ca.cgagnier.wlednativeandroid.repository,VersionWithAssetsRepository,getLatestBetaVersionWithAssets,1,0,0.0,0,0.0,0,3,1,1,3,0,1,0,0.0,1,0,0,1,0.0,1,2.0,0,0,0.0,0,0.0,0.0,22,7,0.0,5,0,0,0,0,4,2,0,0,0,0,0,0,0,0,0,5,1.0,5,1.0,5,0,0,0,5,0,0,5,0,1,0,0,0,0,0,5,5,5,180,146,10,0,3,6,1.0,47,3,499,25,43,28,6728
2025-07-11,argo,ca.cgagnier.wlednativeandroid.repository,VersionWithAssetsRepository,getVersionByTag,1,0,0.0,1,1.0,0,3,1,1,3,0,1,0,0.0,0,0,0,1,0.0,1,2.0,1,0,0.0,0,0.0,0.0,22,7,0.0,5,0,0,0,0,4,2,0,0,0,0,0,0,0,0,0,5,1.0,5,1.0,5,0,0,0,5,0,0,5,0,1,0,0,0,0,0,5,5,5,180,146,10,0,3,6,1.0,47,3,499,25,43,28,6728
2025-07-11,argo,ca.cgagnier.wlednativeandroid.repository,VersionWithAssetsRepository,removeAll,1,0,0.0,0,0.0,0,3,1,1,3,0,1,0,0.0,1,0,1,1,0.0,1,2.0,0,1,0.0,0,0.0,0.0,22,7,0.0,5,0,0,0,0,4,2,0,0,0,0,0,0,0,0,0,5,1.0,5,1.0,5,0,0,0,5,0,0,5,0,1,0,0,0,0,0,5,5,5,180,146,10,0,3,6,1.0,47,3,499,25,43,28,6728
2025-07-11,argo,ca.cgagnier.wlednativeandroid.service,DeviceDiscovery,initialize,7,0,2.0,6,0.6667,0,0,2,0,45,2,7,8,1.0,2,2,0,16,2.0,1,2.0,0,0,0.0,0,0.5,0.75,118,71,0.5,4,4,0,0,1,1,6,0,4,0,1,5,2,2,1,0,8,0.5,8,2.0,4,0,4,0,2,2,0,2,0,1,0,0,0,0,0,12,12,5,180,146,3,0,4,29,3.5,6,0,267,25,43,4,6728
2025-07-11,argo,ca.cgagnier.wlednativeandroid.service,DeviceDiscovery,onServiceResolved,1,2,0.0,2,1.0,0,0,2,0,6,0,1,0,0.0,0,0,2,2,0.0,1,2.25,1,2,0.0,0,0.5,0.75,118,71,0.5,4,4,0,0,1,1,6,0,4,0,1,5,2,2,1,0,8,0.5,8,2.0,4,0,4,0,2,2,0,2,0,1,0,0,0,0,0,12,12,5,180,146,3,0,4,29,3.5,6,0,267,25,43,4,6728
2025-07-11,argo,ca.cgagnier.wlednativeandroid.service,DeviceDiscovery,start,1,0,2.0,3,0.6667,0,0,2,0,7,0,1,2,1.0,2,3,2,4,3.0,1,2.0,0,2,0.0,0,0.5,0.75,118,71,0.5,4,4,0,0,1,1,6,0,4,0,1,5,2,2,1,0,8,0.5,8,2.0,4,0,4,0,2,2,0,2,0,1,0,0,0,0,0,12,12,5,180,146,3,0,4,29,3.5,6,0,267,25,43,4,6728
2025-07-11,argo,ca.cgagnier.wlednativeandroid.service,DeviceDiscovery,stop,5,0,0.0,4,1.0,0,0,2,0,13,2,5,1,1.0,0,3,0,7,3.0,1,2.0,0,0,0.0,0,0.5,0.75,118,71,0.5,4,4,0,0,1,1,6,0,4,0,1,5,2,2,1,0,8,0.5,8,2.0,4,0,4,0,2,2,0,2,0,1,0,0,0,0,0,12,12,5,180,146,3,0,4,29,3.5,6,0,267,25,43,4,6728
2025-07-11,argo,ca.cgagnier.wlednativeandroid.service.api.github,GithubApi,getAllReleases,4,3,0.0,5,0.6,0,2,1,0,14,1,4,1,0.0,2,0,1,9,0.0,1,2.0,0,1,0.0,0,0.0,1.0,60,26,0.5,4,0,0,0,0,5,1,0,1,0,0,4,4,4,0,0,5,0.6666666666666667,5,1.25,4,0,0,0,2,2,0,2,2,1,0,0,0,0,0,4,4,5,180,146,2,0,1,41,2.5,3,1,121,25,43,4,6728
2025-07-11,argo,ca.cgagnier.wlednativeandroid.service.api.github,GithubApi,downloadReleaseBinary,1,1,1.0,0,0.0,0,2,1,0,4,0,1,1,0.0,3,0,0,4,0.0,0,2.5,2,0,0.0,0,0.0,1.0,60,26,0.5,4,0,0,0,0,5,1,0,1,0,0,4,4,4,0,0,5,0.6666666666666667,5,1.25,4,0,0,0,2,2,0,2,2,1,0,0,0,0,0,4,4,5,180,146,2,0,1,41,2.5,3,1,121,25,43,4,6728
2025-07-11,argo,ca.cgagnier.wlednativeandroid.service.api.github,GithubApi,saveFile,4,4,0.0,7,0.75,0,2,1,0,22,1,4,0,0.0,0,0,0,16,0.0,2,2.272727272727273,1,0,0.0,0,0.0,1.0,60,26,0.5,4,0,0,0,0,5,1,0,1,0,0,4,4,4,0,0,5,0.6666666666666667,5,1.25,4,0,0,0,2,2,0,2,2,1,0,0,0,0,0,4,4,5,180,146,2,0,1,41,2.5,3,1,121,25,43,4,6728
2025-07-11,argo,ca.cgagnier.wlednativeandroid.service.api.github,GithubApi,getApi,1,2,0.0,1,1.0,0,2,1,0,5,0,1,0,0.0,0,0,0,12,0.0,3,6.5,0,0,0.0,0,0.0,1.0,60,26,0.5,4,0,0,0,0,5,1,0,1,0,0,4,4,4,0,0,5,0.6666666666666667,5,1.25,4,0,0,0,2,2,0,2,2,1,0,0,0,0,0,4,4,5,180,146,2,0,1,41,2.5,3,1,121,25,43,4,6728
2025-07-11,argo,ca.cgagnier.wlednativeandroid.service.device,StateFactory,getState,2,0,0.0,2,1.0,0,1,1,0,6,1,2,0,0.42857142857142855,0,1,0,5,1.0,0,2.5,1,0,0.0,0,0.0,1.0,10,0,0.0,0,1,0,0,0,2,0,0,1,0,0,0,0,0,1,0,2,0.0,2,2.0,1,0,1,0,1,0,0,1,0,1,0,0,0,0,0,1,1,5,180,146,2,0,0,5,2.0,0,0,31,25,43,1,6728
2025-07-11,argo,ca.cgagnier.wlednativeandroid.service.device.api,JsonApiRequestHandler,getJsonApi,1,1,0.0,2,1.0,0,1,1,0,4,0,1,0,0.0,0,0,0,15,0.0,0,4.4,2,0,0.0,0,0.0,1.0,117,101,0.5,7,0,3,1,0,10,2,0,1,0,0,1,1,1,0,0,18,0.4285714285714286,18,2.5714285714285716,7,3,0,0,3,4,0,3,1,1,0,0,0,0,0,7,7,5,180,146,3,0,3,92,5.166666666666667,13,0,295,25,43,11,6728
2025-07-11,argo,ca.cgagnier.wlednativeandroid.service.device.api,JsonApiRequestHandler,handleRefreshRequest,9,5,2.0,11,0.8182,0,1,1,0,26,2,9,5,0.0,4,0,0,23,0.0,1,2.5,1,0,0.0,0,0.0,1.0,117,101,0.5,7,0,3,1,0,10,2,0,1,0,0,1,1,1,0,0,18,0.4285714285714286,18,2.5714285714285716,7,3,0,0,3,4,0,3,1,1,0,0,0,0,0,7,7,5,180,146,3,0,3,92,5.166666666666667,13,0,295,25,43,11,6728
2025-07-11,argo,ca.cgagnier.wlednativeandroid.service.device.api,JsonApiRequestHandler,handleChangeStateRequest,8,1,2.0,7,0.7143,0,1,1,0,18,2,8,5,0.0,4,0,1,17,0.0,1,2.3846153846153846,1,1,0.0,0,0.0,1.0,117,101,0.5,7,0,3,1,0,10,2,0,1,0,0,1,1,1,0,0,18,0.4285714285714286,18,2.5714285714285716,7,3,0,0,3,4,0,3,1,1,0,0,0,0,0,7,7,5,180,146,3,0,3,92,5.166666666666667,13,0,295,25,43,11,6728
2025-07-11,argo,ca.cgagnier.wlednativeandroid.service.device.api,JsonApiRequestHandler,handleSoftwareUpdateRequest,3,2,1.0,4,0.75,0,1,1,0,9,1,3,1,0.0,3,0,0,12,0.0,0,3.2,1,0,0.0,0,0.0,1.0,117,101,0.5,7,0,3,1,0,10,2,0,1,0,0,1,1,1,0,0,18,0.4285714285714286,18,2.5714285714285716,7,3,0,0,3,4,0,3,1,1,0,0,0,0,0,7,7,5,180,146,3,0,3,92,5.166666666666667,13,0,295,25,43,11,6728
2025-07-11,argo,ca.cgagnier.wlednativeandroid.service.device.api,JsonApiRequestHandler,updateDevice,13,7,0.0,10,1.0,0,1,1,0,22,2,13,0,0.0,0,0,0,51,0.0,1,2.5348837209302326,3,0,0.0,0,0.0,1.0,117,101,0.5,7,0,3,1,0,10,2,0,1,0,0,1,1,1,0,0,18,0.4285714285714286,18,2.5714285714285716,7,3,0,0,3,4,0,3,1,1,0,0,0,0,0,7,7,5,180,146,3,0,3,92,5.166666666666667,13,0,295,25,43,11,6728
2025-07-11,argo,ca.cgagnier.wlednativeandroid.service.device.api,JsonApiRequestHandler,updateDevice,8,5,0.0,7,1.0,0,1,1,0,17,2,8,0,0.0,0,0,0,17,0.0,1,2.176470588235294,3,0,0.0,0,0.0,1.0,117,101,0.5,7,0,3,1,0,10,2,0,1,0,0,1,1,1,0,0,18,0.4285714285714286,18,2.5714285714285716,7,3,0,0,3,4,0,3,1,1,0,0,0,0,0,7,7,5,180,146,3,0,3,92,5.166666666666667,13,0,295,25,43,11,6728
2025-07-11,argo,ca.cgagnier.wlednativeandroid.service.device.api,JsonApiRequestHandler,onFailure,2,1,0.0,4,0.75,0,1,1,0,9,1,2,1,0.0,0,0,2,8,0.0,1,2.0,2,2,0.0,0,0.0,1.0,117,101,0.5,7,0,3,1,0,10,2,0,1,0,0,1,1,1,0,0,18,0.4285714285714286,18,2.5714285714285716,7,3,0,0,3,4,0,3,1,1,0,0,0,0,0,7,7,5,180,146,3,0,3,92,5.166666666666667,13,0,295,25,43,11,6728
2025-07-11,argo,ca.cgagnier.wlednativeandroid.service.device.api,RequestHandler,processRequest,3,0,3.0,1,1.0,0,0,1,0,8,2,3,3,0.0,3,0,0,5,0.0,0,2.0,1,0,0.0,0,0.0,0.25,16,8,0.25,4,0,0,0,0,4,0,0,0,0,0,0,0,0,0,1,2,0.0,2,2.0,4,0,0,0,4,0,0,4,1,0,0,0,0,0,0,4,4,5,180,146,3,0,0,5,3.0,13,0,295,25,43,11,6728
2025-07-11,argo,ca.cgagnier.wlednativeandroid.service.device.api,RequestHandler,handleRefreshRequest,0,0,2.0,0,0.0,0,0,1,0,0,0,0,0,0.0,0,0,0,0,0.0,0,0.0,1,0,0.0,0,0.0,0.25,16,8,0.25,4,0,0,0,0,4,0,0,0,0,0,0,0,0,0,1,2,0.0,2,2.0,4,0,0,0,4,0,0,4,1,0,0,0,0,0,0,4,4,5,180,146,3,0,0,5,3.0,13,0,295,25,43,11,6728
2025-07-11,argo,ca.cgagnier.wlednativeandroid.service.device.api,RequestHandler,handleChangeStateRequest,0,0,2.0,0,0.0,0,0,1,0,0,0,0,0,0.0,0,0,0,0,0.0,0,0.0,1,0,0.0,0,0.0,0.25,16,8,0.25,4,0,0,0,0,4,0,0,0,0,0,0,0,0,0,1,2,0.0,2,2.0,4,0,0,0,4,0,0,4,1,0,0,0,0,0,0,4,4,5,180,146,3,0,0,5,3.0,13,0,295,25,43,11,6728
2025-07-11,argo,ca.cgagnier.wlednativeandroid.service.device.api,RequestHandler,handleSoftwareUpdateRequest,0,0,2.0,0,0.0,0,0,1,0,0,0,0,0,0.0,0,0,0,0,0.0,0,0.0,1,0,0.0,0,0.0,0.25,16,8,0.25,4,0,0,0,0,4,0,0,0,0,0,0,0,0,0,1,2,0.0,2,2.0,4,0,0,0,4,0,0,4,1,0,0,0,0,0,0,4,4,5,180,146,3,0,0,5,3.0,13,0,295,25,43,11,6728
2025-07-11,argo,ca.cgagnier.wlednativeandroid.service.update,DeviceUpdateService,determineAssetByRelease,2,1,1.0,2,1.0,0,3,1,0,8,1,2,1,1.0,1,1,0,9,2.0,0,2.8,0,0,0.0,0,0.35714285714285715,0.625,71,37,0.4,6,4,0,0,0,4,1,0,4,0,0,1,0,0,3,0,13,0.8571428571428572,13,1.625,8,0,4,0,5,3,0,5,1,1,0,0,0,0,0,8,8,5,180,146,2,0,1,30,2.0,8,0,237,25,43,8,6728
2025-07-11,argo,ca.cgagnier.wlednativeandroid.service.update,DeviceUpdateService,determineAssetByPlatform,4,2,1.0,3,1.0,0,3,1,0,9,1,4,1,1.0,1,2,0,9,1.5,0,3.25,0,0,0.0,0,0.35714285714285715,0.625,71,37,0.4,6,4,0,0,0,4,1,0,4,0,0,1,0,0,3,0,13,0.8571428571428572,13,1.625,8,0,4,0,5,3,0,5,1,1,0,0,0,0,0,8,8,5,180,146,2,0,1,30,2.0,8,0,237,25,43,8,6728
2025-07-11,argo,ca.cgagnier.wlednativeandroid.service.update,DeviceUpdateService,findAsset,3,0,0.0,2,1.0,0,3,1,0,10,2,3,1,1.0,0,2,0,2,3.0,0,2.0,1,0,0.0,0,0.35714285714285715,0.625,71,37,0.4,6,4,0,0,0,4,1,0,4,0,0,1,0,0,3,0,13,0.8571428571428572,13,1.625,8,0,4,0,5,3,0,5,1,1,0,0,0,0,0,8,8,5,180,146,2,0,1,30,2.0,8,0,237,25,43,8,6728
2025-07-11,argo,ca.cgagnier.wlednativeandroid.service.update,DeviceUpdateService,getAssetName,1,0,0.0,0,0.0,0,3,1,0,3,0,1,0,1.0,0,1,0,0,2.0,0,0.0,0,0,0.0,0,0.35714285714285715,0.625,71,37,0.4,6,4,0,0,0,4,1,0,4,0,0,1,0,0,3,0,13,0.8571428571428572,13,1.625,8,0,4,0,5,3,0,5,1,1,0,0,0,0,0,8,8,5,180,146,2,0,1,30,2.0,8,0,237,25,43,8,6728
2025-07-11,argo,ca.cgagnier.wlednativeandroid.service.update,DeviceUpdateService,couldDetermineAsset,1,0,0.0,0,0.0,0,3,1,0,3,0,1,1,1.0,0,1,0,0,1.0,0,0.0,0,0,0.0,0,0.35714285714285715,0.625,71,37,0.4,6,4,0,0,0,4,1,0,4,0,0,1,0,0,3,0,13,0.8571428571428572,13,1.625,8,0,4,0,5,3,0,5,1,1,0,0,0,0,0,8,8,5,180,146,2,0,1,30,2.0,8,0,237,25,43,8,6728
2025-07-11,argo,ca.cgagnier.wlednativeandroid.service.update,DeviceUpdateService,isAssetFileCached,1,0,0.0,1,1.0,0,3,1,0,3,0,1,1,0.0,1,0,0,1,0.0,1,2.0,0,0,0.0,0,0.35714285714285715,0.625,71,37,0.4,6,4,0,0,0,4,1,0,4,0,0,1,0,0,3,0,13,0.8571428571428572,13,1.625,8,0,4,0,5,3,0,5,1,1,0,0,0,0,0,8,8,5,180,146,2,0,1,30,2.0,8,0,237,25,43,8,6728
2025-07-11,argo,ca.cgagnier.wlednativeandroid.service.update,DeviceUpdateService,downloadBinary,3,1,0.0,3,1.0,0,3,1,0,7,1,3,1,1.0,1,1,0,5,1.0,1,2.3333333333333335,0,0,0.0,0,0.35714285714285715,0.625,71,37,0.4,6,4,0,0,0,4,1,0,4,0,0,1,0,0,3,0,13,0.8571428571428572,13,1.625,8,0,4,0,5,3,0,5,1,1,0,0,0,0,0,8,8,5,180,146,2,0,1,30,2.0,8,0,237,25,43,8,6728
2025-07-11,argo,ca.cgagnier.wlednativeandroid.service.update,DeviceUpdateService,getPathForAsset,1,1,0.0,3,1.0,0,3,1,0,5,0,1,0,1.0,0,1,1,4,1.0,1,2.3333333333333335,0,1,0.0,0,0.35714285714285715,0.625,71,37,0.4,6,4,0,0,0,4,1,0,4,0,0,1,0,0,3,0,13,0.8571428571428572,13,1.625,8,0,4,0,5,3,0,5,1,1,0,0,0,0,0,8,8,5,180,146,2,0,1,30,2.0,8,0,237,25,43,8,6728
2025-07-11,argo,ca.cgagnier.wlednativeandroid.ui.components,WebViewViewModel,webView,1,0,0.0,0,0.0,0,0,2,0,1,0,1,1,1.0,0,1,0,0,1.0,0,0.0,0,0,0.0,0,0.0,0.0,26,1,0.0,1,4,0,2,3,1,0,0,1,0,3,2,0,0,2,0,1,0.0,1,1.0,1,0,4,0,1,0,0,1,0,1,0,0,0,0,0,2,2,5,180,146,8,0,0,0,1.0,29,0,930,25,43,1,6728
2025-07-11,argo,ca.cgagnier.wlednativeandroid.ui.homeScreen.deviceAdd,DeviceAddViewModel,onEvent,2,0,1.0,1,1.0,0,0,2,0,16,1,2,1,0.6,1,1,0,5,1.0,0,2.0,1,0,0.0,0,1.0,1.0,45,31,0.3333333333333333,3,3,0,2,2,1,0,0,1,0,2,2,0,0,1,0,5,0.0,5,1.6666666666666667,3,0,3,0,2,1,0,2,1,1,0,0,0,0,0,3,3,5,180,146,3,0,1,24,1.6666666666666667,4,0,257,25,43,3,6728
2025-07-11,argo,ca.cgagnier.wlednativeandroid.ui.homeScreen.deviceAdd,DeviceAddViewModel,submitCreateDevice,2,4,0.0,8,1.0,0,0,2,0,12,1,2,0,1.0,0,2,0,18,0.5,1,2.4166666666666665,0,0,0.0,0,1.0,1.0,45,31,0.3333333333333333,3,3,0,2,2,1,0,0,1,0,2,2,0,0,1,0,5,0.0,5,1.6666666666666667,3,0,3,0,2,1,0,2,1,1,0,0,0,0,0,3,3,5,180,146,3,0,1,24,1.6666666666666667,4,0,257,25,43,3,6728
2025-07-11,argo,ca.cgagnier.wlednativeandroid.ui.homeScreen.deviceAdd,DeviceAddViewModel,clear,1,0,0.0,0,0.0,0,0,2,0,3,0,1,0,1.0,0,1,1,1,1.0,0,0.0,0,0,0.0,0,1.0,1.0,45,31,0.3333333333333333,3,3,0,2,2,1,0,0,1,0,2,2,0,0,1,0,5,0.0,5,1.6666666666666667,3,0,3,0,2,1,0,2,1,1,0,0,0,0,0,3,3,5,180,146,3,0,1,24,1.6666666666666667,4,0,257,25,43,3,6728
2025-07-11,argo,ca.cgagnier.wlednativeandroid.ui.settingsScreen,SettingsViewModel,setAutoDiscover,1,0,0.0,1,1.0,0,4,1,0,1,0,1,0,0.0,0,0,0,3,0.0,0,2.5,1,0,0.0,0,0.0,0.0,19,0,0.0,4,5,0,2,1,2,0,0,4,0,1,5,0,0,0,0,4,0.0,4,1.0,4,0,0,0,0,0,0,0,0,2,0,0,0,0,0,4,4,5,180,146,2,0,0,12,1.0,7,0,302,25,43,4,6728
2025-07-11,argo,ca.cgagnier.wlednativeandroid.ui.settingsScreen,SettingsViewModel,setShowOfflineDevicesLast,1,0,0.0,1,1.0,0,4,1,0,1,0,1,0,0.0,0,0,0,3,0.0,0,2.5,1,0,0.0,0,0.0,0.0,19,0,0.0,4,5,0,2,1,2,0,0,4,0,1,5,0,0,0,0,4,0.0,4,1.0,4,0,0,0,0,0,0,0,0,2,0,0,0,0,0,4,4,5,180,146,2,0,0,12,1.0,7,0,302,25,43,4,6728
2025-07-11,argo,ca.cgagnier.wlednativeandroid.ui.settingsScreen,SettingsViewModel,setShowHiddenDevices,1,0,0.0,1,1.0,0,4,1,0,1,0,1,0,0.0,0,0,0,3,0.0,0,2.5,1,0,0.0,0,0.0,0.0,19,0,0.0,4,5,0,2,1,2,0,0,4,0,1,5,0,0,0,0,4,0.0,4,1.0,4,0,0,0,0,0,0,0,0,2,0,0,0,0,0,4,4,5,180,146,2,0,0,12,1.0,7,0,302,25,43,4,6728
2025-07-11,argo,ca.cgagnier.wlednativeandroid.ui.settingsScreen,SettingsViewModel,setTheme,1,0,0.0,1,1.0,0,4,1,0,1,0,1,0,1.0,0,0,0,3,1.0,0,2.5,1,0,0.0,0,0.0,0.0,19,0,0.0,4,5,0,2,1,2,0,0,4,0,1,5,0,0,0,0,4,0.0,4,1.0,4,0,0,0,0,0,0,0,0,2,0,0,0,0,0,4,4,5,180,146,2,0,0,12,1.0,7,0,302,25,43,4,6728
